"Date_Sampled","Sample_No","Subsite_Code","Zone","Result","Units"
2018-12-12,5889490,"090B07","Dunolly",0.1,"NTU"
2018-12-12,5889506,"090C01","Tarnagulla",0.1,"NTU"
2018-11-21,5847955,"090D03","Bealiba",0.3,"NTU"
2018-06-14,5582196,"090C03","Tarnagulla",0.1,"NTU"
2018-08-15,5734990,"090B03","Dunolly",0.1,"NTU"
2018-08-15,5734989,"090A01","Laanecoorie",0.5,"NTU"
2018-08-15,5734999,"090D01","Bealiba",0.1,"NTU"
2019-05-15,6075625,"090C01","Tarnagulla",0.05,"NTU"
2017-06-21,5198968,"090A04","Laanecoorie",0.5,"NTU"
2017-11-08,5385530,"090C01","Tarnagulla",0.2,"NTU"
2017-06-08,5198457,"090B02","Dunolly",0.2,"NTU"
2017-05-17,5174338,"090D01","Bealiba",0.1,"NTU"
2017-02-01,5039119,"090A03","Laanecoorie",0.1,"NTU"
2019-03-14,5987648,"090B08","Dunolly",0.1,"NTU"
2017-02-08,5039729,"090B09","Dunolly",0.2,"NTU"
2019-03-20,5987957,"090C01","Tarnagulla",0.2,"NTU"
2019-03-27,5988225,"090B04","Dunolly",0.2,"NTU"
2019-03-20,5987956,"090B06","Dunolly",0.3,"NTU"
2019-05-08,6075371,"090A04","Laanecoorie",0.2,"NTU"
2019-03-27,5988224,"090A04","Laanecoorie",0.2,"NTU"
2019-03-27,5988226,"090C03","Tarnagulla",0.2,"NTU"
2019-03-20,5987958,"090D01","Bealiba",0.2,"NTU"
2019-03-27,5988227,"090D02","Bealiba",0.2,"NTU"
2019-05-08,6075373,"090C02","Tarnagulla",0.1,"NTU"
2019-05-08,6075374,"090D07","Bealiba",0.2,"NTU"
2017-01-25,5019630,"090C02","Tarnagulla",0.3,"NTU"
2017-01-25,5019616,"090A04","Laanecoorie",0.2,"NTU"
2017-08-30,5281713,"090C04","Tarnagulla",0.2,"NTU"
2017-08-09,5281047,"090C01","Tarnagulla",0.2,"NTU"
2017-02-22,5040280,"090A03","Laanecoorie",0.3,"NTU"
2017-02-22,5040294,"090C01","Tarnagulla",0.2,"NTU"
2017-02-22,5040293,"090B02","Dunolly",0.2,"NTU"
2017-03-16,5093216,"090B05","Dunolly",0.2,"NTU"
2017-06-15,5198717,"090C03","Tarnagulla",0.3,"NTU"
2017-03-16,5093229,"090C02","Tarnagulla",0.2,"NTU"
2017-06-15,5198716,"090B03","Dunolly",0.2,"NTU"
2017-06-15,5198718,"090D07","Bealiba",0.2,"NTU"
2017-03-08,5092952,"090A03","Laanecoorie",0.1,"NTU"
2017-05-03,5172051,"090C01","Tarnagulla",0.3,"NTU"
2017-03-29,5093703,"090C01","Tarnagulla",0.2,"NTU"
2017-05-03,5172050,"090B06","Dunolly",0.1,"NTU"
2017-04-27,5132718,"090B02","Dunolly",0.2,"NTU"
2017-04-05,5131065,"090B01","Dunolly",0.2,"NTU"
2017-04-05,5131033,"090A01","Laanecoorie",0.5,"NTU"
2017-04-05,5131069,"090D01","Bealiba",0.1,"NTU"
2017-04-05,5131067,"090C02","Tarnagulla",0.2,"NTU"
2017-08-16,5281310,"090A04","Laanecoorie",0.3,"NTU"
2017-08-16,5281319,"090D03","Bealiba",0.1,"NTU"
2017-08-09,5281045,"090A01","Laanecoorie",0.2,"NTU"
2017-11-22,5386162,"090D08","Bealiba",0.05,"NTU"
2017-11-22,5386159,"090A01","Laanecoorie",0.4,"NTU"
2017-11-22,5386161,"090C03","Tarnagulla",0.2,"NTU"
2017-11-08,5385529,"090B04","Dunolly",0.2,"NTU"
2017-09-06,5281960,"090B04","Dunolly",0.2,"NTU"
2017-09-06,5281961,"090C01","Tarnagulla",0.2,"NTU"
2017-09-20,5282587,"090B05","Dunolly",0.1,"NTU"
2017-09-20,5282589,"090D01","Bealiba",0.1,"NTU"
2017-09-20,5282586,"090A04","Laanecoorie",0.2,"NTU"
2017-12-27,5387568,"090A01","Laanecoorie",0.3,"NTU"
2017-11-28,5386383,"090C01","Tarnagulla",0.2,"NTU"
2018-01-04,5457128,"090D08","Bealiba",0.05,"NTU"
2017-11-15,5385842,"090B01","Dunolly",0.1,"NTU"
2017-11-22,5386160,"090B05","Dunolly",0.1,"NTU"
2017-11-15,5385843,"090C04","Tarnagulla",0.2,"NTU"
2017-11-28,5386384,"090D02","Bealiba",0.1,"NTU"
2018-01-10,5457391,"090C02","Tarnagulla",0.2,"NTU"
2017-11-15,5385840,"090A05","Laanecoorie",0.3,"NTU"
2017-10-11,5343940,"090B09","Dunolly",0.1,"NTU"
2017-10-11,5343942,"090D03","Bealiba",0.05,"NTU"
2017-12-06,5386689,"090D01","Bealiba",0.05,"NTU"
2019-01-23,5923879,"090D07","Bealiba",0.3,"NTU"
2018-01-24,5457895,"090D02","Bealiba",0.1,"NTU"
2018-01-24,5457892,"090A02","Laanecoorie",0.1,"NTU"
2018-01-24,5457894,"090C03","Tarnagulla",0.2,"NTU"
2018-05-16,5581424,"090C02","Tarnagulla",0.2,"NTU"
2018-05-16,5581418,"090B04","Dunolly",0.2,"NTU"
2018-05-16,5581425,"090D03","Bealiba",0.1,"NTU"
2018-04-18,5580528,"090B09","Dunolly",0.1,"NTU"
2018-04-26,5580766,"090A03","Laanecoorie",0.3,"NTU"
2018-03-09,5569723,"090D03","Bealiba",0.05,"NTU"
2018-05-09,5581169,"090A02","Laanecoorie",0.2,"NTU"
2018-03-28,5596579,"090B05","Dunolly",0.05,"NTU"
2018-03-28,5596574,"090A04","Laanecoorie",0.05,"NTU"
2018-03-15,5472306,"090D07","Bealiba",0.05,"NTU"
2018-03-09,5460723,"090A05","Laanecoorie",0.1,"NTU"
2018-03-15,5577886,"090B04","Dunolly",0.1,"NTU"
2018-04-26,5580768,"090C01","Tarnagulla",0.2,"NTU"
2018-04-05,5605607,"090C01","Tarnagulla",0.05,"NTU"
2018-06-20,5589253,"090D02","Bealiba",0.1,"NTU"
2018-06-20,5589250,"090A05","Laanecoorie",0.3,"NTU"
2018-06-20,5589251,"090B09","Dunolly",0.2,"NTU"
2018-04-05,5605608,"090D02","Bealiba",0.05,"NTU"
2018-04-05,5579969,"090A02","Laanecoorie",0.05,"NTU"
2018-04-05,5579970,"090B07","Dunolly",0.1,"NTU"
2018-06-27,5605794,"090D03","Bealiba",0.2,"NTU"
2018-05-23,5581625,"090B01","Dunolly",0.2,"NTU"
2018-05-23,5581627,"090D07","Bealiba",0.2,"NTU"
2018-05-23,5581624,"090A01","Laanecoorie",1.5,"NTU"
2018-05-23,5581626,"090C03","Tarnagulla",0.1,"NTU"
2018-01-31,5459469,"090B07","Dunolly",0.1,"NTU"
2018-10-24,5798884,"090B09","Dunolly",0.2,"NTU"
2018-10-24,5798883,"090A03","Laanecoorie",0.2,"NTU"
2018-10-24,5798885,"090C01","Tarnagulla",0.3,"NTU"
2018-11-01,5799129,"090C03","Tarnagulla",0.2,"NTU"
2018-11-21,5847945,"090C02","Tarnagulla",0.2,"NTU"
2018-11-07,5847254,"090A04","Laanecoorie",0.2,"NTU"
2018-11-07,5847267,"090D02","Bealiba",0.1,"NTU"
2018-11-01,5799128,"090B02","Dunolly",0.1,"NTU"
2018-11-14,5847623,"090A05","Laanecoorie",0.2,"NTU"
2018-11-07,5847266,"090C04","Tarnagulla",0.2,"NTU"
2019-05-15,6075624,"090B08","Dunolly",0.1,"NTU"
2018-09-05,5765903,"090B08","Dunolly",0.1,"NTU"
2018-11-21,5847943,"090A02","Laanecoorie",0.1,"NTU"
2018-03-28,5491376,"090C02","Tarnagulla",0.1,"NTU"
2018-06-14,5582197,"090D07","Bealiba",0.3,"NTU"
2018-08-15,5734998,"090C04","Tarnagulla",0.1,"NTU"
2019-01-16,5923623,"090A04","Laanecoorie",0.1,"NTU"
2019-01-16,5923634,"090D02","Bealiba",0.1,"NTU"
2017-11-02,5385245,"090C02","Tarnagulla",0.2,"NTU"
2017-11-02,5385246,"090D07","Bealiba",0.1,"NTU"
2017-11-02,5385244,"090B08","Dunolly",0.1,"NTU"
2017-11-02,5385243,"090A03","Laanecoorie",0.2,"NTU"
2018-10-03,5797980,"090A03","Laanecoorie",0.2,"NTU"
2018-10-03,5797983,"090D02","Bealiba",0.3,"NTU"
2017-06-21,5198971,"090D03","Bealiba",0.1,"NTU"
2017-06-28,5199171,"090C04","Tarnagulla",0.2,"NTU"
2017-06-28,5264387,"090A01","Laanecoorie",0.3,"NTU"
2017-06-21,5198970,"090C02","Tarnagulla",0.2,"NTU"
2017-06-21,5198969,"090B06","Dunolly",0.4,"NTU"
2017-02-15,5040036,"090C04","Tarnagulla",0.2,"NTU"
2019-01-31,5924107,"090C02","Tarnagulla",0.2,"NTU"
2019-04-10,6026267,"090A02","Laanecoorie",0.5,"NTU"
2019-02-06,5942643,"090A03","Laanecoorie",0.2,"NTU"
2017-02-08,5039730,"090C03","Tarnagulla",0.2,"NTU"
2017-02-08,5039728,"090A04","Laanecoorie",0.2,"NTU"
2019-02-06,5942654,"090D08","Bealiba",0.2,"NTU"
2019-03-14,5987647,"090A03","Laanecoorie",0.1,"NTU"
2019-02-06,5942652,"090B05","Dunolly",0.1,"NTU"
2019-02-27,5943732,"090B09","Dunolly",0.1,"NTU"
2019-03-06,5987349,"090A02","Laanecoorie",0.4,"NTU"
2019-03-06,5987350,"090B02","Dunolly",0.3,"NTU"
2017-08-23,5281542,"090B06","Dunolly",0.2,"NTU"
2017-08-09,5281046,"090B03","Dunolly",0.2,"NTU"
2017-04-20,5132389,"090B09","Dunolly",0.1,"NTU"
2017-04-20,5132390,"090C04","Tarnagulla",0.1,"NTU"
2017-05-31,5174352,"090B09","Dunolly",0.2,"NTU"
2017-05-31,5174353,"090C02","Tarnagulla",0.2,"NTU"
2017-03-01,5092692,"090A04","Laanecoorie",0.1,"NTU"
2017-05-31,5174354,"090D07","Bealiba",0.1,"NTU"
2017-05-31,5174351,"090A02","Laanecoorie",0.2,"NTU"
2017-03-29,5093702,"090B08","Dunolly",0.2,"NTU"
2017-08-16,5281318,"090C03","Tarnagulla",0.3,"NTU"
2017-08-30,5281712,"090B08","Dunolly",0.2,"NTU"
2017-08-30,5281714,"090D02","Bealiba",0.1,"NTU"
2018-01-04,5457127,"090C03","Tarnagulla",0.2,"NTU"
2017-12-20,5387302,"090C04","Tarnagulla",0.2,"NTU"
2018-01-04,5457126,"090B08","Dunolly",0.1,"NTU"
2018-01-04,5457125,"090A04","Laanecoorie",0.2,"NTU"
2017-12-20,5387301,"090B02","Dunolly",0.2,"NTU"
2017-12-20,5387300,"090A05","Laanecoorie",0.3,"NTU"
2017-11-15,5385845,"090D03","Bealiba",0.05,"NTU"
2017-10-18,5344235,"090A01","Laanecoorie",0.7,"NTU"
2017-10-18,5344238,"090D08","Bealiba",0.05,"NTU"
2017-10-18,5344237,"090C04","Tarnagulla",0.2,"NTU"
2017-10-18,5344236,"090B02","Dunolly",0.1,"NTU"
2017-10-11,5343941,"090C02","Tarnagulla",0.2,"NTU"
2019-01-23,5923876,"090A05","Laanecoorie",0.4,"NTU"
2019-01-23,5923877,"090B04","Dunolly",0.2,"NTU"
2018-07-11,5690574,"090D01","Bealiba",0.2,"NTU"
2018-07-11,5690573,"090C01","Tarnagulla",0.1,"NTU"
2018-07-04,5690252,"090A03","Laanecoorie",0.1,"NTU"
2018-09-19,5766481,"090C03","Tarnagulla",0.1,"NTU"
2018-12-19,5889872,"090D07","Bealiba",0.2,"NTU"
2019-01-03,5923065,"090B02","Dunolly",0.2,"NTU"
2018-02-14,5460008,"090C02","Tarnagulla",0.2,"NTU"
2018-02-07,5459745,"090C01","Tarnagulla",0.2,"NTU"
2018-12-27,5890122,"090A02","Laanecoorie",0.1,"NTU"
2018-09-05,5765904,"090C04","Tarnagulla",0.1,"NTU"
2018-10-24,5798895,"090D01","Bealiba",0.1,"NTU"
2018-06-08,5581954,"090A04","Laanecoorie",0.2,"NTU"
2018-06-08,5581956,"090C02","Tarnagulla",0.2,"NTU"
2018-06-08,5581957,"090D01","Bealiba",0.4,"NTU"
2018-06-08,5581955,"090B07","Dunolly",0.2,"NTU"
2018-10-17,5798554,"090C03","Tarnagulla",0.2,"NTU"
2018-10-17,5798555,"090D08","Bealiba",0.2,"NTU"
2018-10-17,5798553,"090B03","Dunolly",0.2,"NTU"
2018-10-17,5798552,"090A02","Laanecoorie",0.2,"NTU"
2017-06-08,5198466,"090C01","Tarnagulla",0.2,"NTU"
2017-11-08,5385528,"090A02","Laanecoorie",0.2,"NTU"
2017-06-08,5198468,"090D01","Bealiba",0.1,"NTU"
2017-01-18,5019355,"090D01","Bealiba",0.1,"NTU"
2017-06-08,5198456,"090A01","Laanecoorie",0.7,"NTU"
2017-01-18,5019354,"090C03","Tarnagulla",0.2,"NTU"
2019-03-06,5987352,"090D03","Bealiba",0.3,"NTU"
2019-04-26,6027093,"090D01","Bealiba",0.1,"NTU"
2019-02-20,5943471,"090A04","Laanecoorie",0.2,"NTU"
2019-04-17,6026662,"090B07","Dunolly",0.2,"NTU"
2019-01-31,5924105,"090A02","Laanecoorie",0.2,"NTU"
2019-02-27,5943734,"090D07","Bealiba",0.2,"NTU"
2019-02-27,5943733,"090C02","Tarnagulla",0.3,"NTU"
2019-05-22,6075891,"090D03","Bealiba",0.1,"NTU"
2017-01-05,5018668,"090B04","Dunolly",0.2,"NTU"
2017-03-08,5092955,"090D07","Bealiba",0.2,"NTU"
2017-03-08,5092953,"090B04","Dunolly",0.2,"NTU"
2017-08-02,5280814,"090D08","Bealiba",0.05,"NTU"
2017-08-02,5280812,"090A05","Laanecoorie",0.2,"NTU"
2017-03-16,5093215,"090A01","Laanecoorie",0.2,"NTU"
2017-03-22,5093463,"090D03","Bealiba",0.2,"NTU"
2017-04-20,5132391,"090D07","Bealiba",0.2,"NTU"
2017-04-20,5132388,"090A02","Laanecoorie",0.2,"NTU"
2017-05-24,5174346,"090D02","Bealiba",0.1,"NTU"
2017-05-03,5172052,"090D02","Bealiba",0.1,"NTU"
2017-07-26,5252475,"090C04","Tarnagulla",0.1,"NTU"
2017-07-26,5295588,"090B07","Dunolly",0.2,"NTU"
2017-07-26,5295593,"090D02","Bealiba",0.1,"NTU"
2017-07-26,5295587,"090A02","Laanecoorie",0.2,"NTU"
2017-09-27,5282852,"090B07","Dunolly",0.1,"NTU"
2017-09-27,5282851,"090A03","Laanecoorie",0.2,"NTU"
2017-09-27,5282853,"090C03","Tarnagulla",0.2,"NTU"
2017-08-16,5281311,"090B02","Dunolly",0.2,"NTU"
2017-10-04,5343572,"090D02","Bealiba",0.1,"NTU"
2017-10-04,5343570,"090B03","Dunolly",0.1,"NTU"
2017-11-28,5386381,"090A04","Laanecoorie",0.2,"NTU"
2018-01-10,5457389,"090A03","Laanecoorie",0.2,"NTU"
2018-02-21,5555675,"090D07","Bealiba",0.1,"NTU"
2017-12-13,5386986,"090B09","Dunolly",0.2,"NTU"
2017-12-13,5386987,"090C03","Tarnagulla",0.2,"NTU"
2018-02-21,5460260,"090A04","Laanecoorie",0.1,"NTU"
2017-12-13,5386988,"090D07","Bealiba",0.2,"NTU"
2018-01-24,5457893,"090B05","Dunolly",0.1,"NTU"
2018-05-09,5581175,"090D02","Bealiba",0.05,"NTU"
2018-02-28,5559952,"090A02","Laanecoorie",0.2,"NTU"
2018-04-18,5580518,"090A01","Laanecoorie",0.3,"NTU"
2018-03-15,5577885,"090A01","Laanecoorie",0.3,"NTU"
2018-08-08,5734712,"090D08","Bealiba",0.3,"NTU"
2018-08-08,5734710,"090B07","Dunolly",0.3,"NTU"
2018-04-11,5610391,"090A05","Laanecoorie",0.2,"NTU"
2018-04-11,5580263,"090D03","Bealiba",0.05,"NTU"
2018-04-11,5610392,"090B03","Dunolly",0.05,"NTU"
2018-09-19,5766482,"090D01","Bealiba",0.2,"NTU"
2018-09-19,5766479,"090A01","Laanecoorie",0.3,"NTU"
2018-05-30,5581793,"090A03","Laanecoorie",0.1,"NTU"
2018-05-30,5581796,"090D08","Bealiba",0.1,"NTU"
2018-05-30,5581794,"090B05","Dunolly",0.05,"NTU"
2018-09-26,5766710,"090B01","Dunolly",0.1,"NTU"
2018-09-26,5766712,"090D07","Bealiba",0.2,"NTU"
2018-09-26,5766709,"090A04","Laanecoorie",0.2,"NTU"
2018-07-11,5690571,"090A05","Laanecoorie",0.3,"NTU"
2018-09-26,5766711,"090C02","Tarnagulla",0.2,"NTU"
2019-01-03,5923084,"090D08","Bealiba",0.05,"NTU"
2018-12-19,5889871,"090C02","Tarnagulla",0.1,"NTU"
2018-12-19,5889870,"090B03","Dunolly",0.1,"NTU"
2018-11-07,5847265,"090B08","Dunolly",0.1,"NTU"
2019-01-03,5923066,"090C01","Tarnagulla",0.1,"NTU"
2018-12-05,5889173,"090A01","Laanecoorie",0.6,"NTU"
2018-12-05,5889176,"090D01","Bealiba",0.3,"NTU"
2018-02-07,5459744,"090B03","Dunolly",0.2,"NTU"
2018-02-07,5459743,"090A01","Laanecoorie",0.3,"NTU"
2018-12-05,5889174,"090B05","Dunolly",0.1,"NTU"
2018-11-14,5847626,"090D01","Bealiba",0.3,"NTU"
2018-02-14,5460009,"090D01","Bealiba",0.1,"NTU"
2018-02-14,5460006,"090A03","Laanecoorie",0.2,"NTU"
2018-02-14,5460007,"090B09","Dunolly",0.2,"NTU"
2018-11-14,5847625,"090C03","Tarnagulla",0.2,"NTU"
2018-11-28,5848193,"090D08","Bealiba",0.1,"NTU"
2018-11-28,5848191,"090B01","Dunolly",0.1,"NTU"
2019-05-15,6075626,"090D02","Bealiba",0.1,"NTU"
2019-05-15,6075623,"090A02","Laanecoorie",0.2,"NTU"
2019-04-03,6025825,"090B01","Dunolly",0.2,"NTU"
2019-04-03,6025827,"090D07","Bealiba",0.2,"NTU"
2019-04-03,6025814,"090A03","Laanecoorie",0.2,"NTU"
2019-05-01,6075207,"090B09","Dunolly",0.05,"NTU"
2019-01-16,5923624,"090B06","Dunolly",0.2,"NTU"
2019-05-01,6075209,"090D03","Bealiba",0.2,"NTU"
2018-03-21,5480816,"090B01","Dunolly",0.05,"NTU"
2018-03-21,5585094,"090C04","Tarnagulla",0.05,"NTU"
2018-12-27,5890125,"090D03","Bealiba",0.1,"NTU"
2018-12-27,5890124,"090C03","Tarnagulla",0.1,"NTU"
2018-12-27,5890123,"090B09","Dunolly",0.05,"NTU"
2019-05-01,6075208,"090C04","Tarnagulla",0.05,"NTU"
2018-11-14,5847624,"090B06","Dunolly",0.2,"NTU"
2019-01-16,5923625,"090C04","Tarnagulla",0.4,"NTU"
2017-01-05,5018667,"090A04","Laanecoorie",0.2,"NTU"
2017-01-05,5018669,"090C02","Tarnagulla",0.3,"NTU"
2018-01-17,5457639,"090B01","Dunolly",0.1,"NTU"
2018-01-17,5457641,"090D07","Bealiba",0.2,"NTU"
2018-01-17,5457638,"090A04","Laanecoorie",0.2,"NTU"
2018-01-17,5457640,"090C04","Tarnagulla",0.2,"NTU"
2017-05-17,5174336,"090B01","Dunolly",0.2,"NTU"
2017-05-17,5173164,"090C03","Tarnagulla",0.2,"NTU"
2017-02-15,5040035,"090B07","Dunolly",0.2,"NTU"
2017-02-15,5040034,"090A01","Laanecoorie",0.2,"NTU"
2019-02-13,5943156,"090B07","Dunolly",0.1,"NTU"
2019-05-22,6075890,"090C04","Tarnagulla",0.1,"NTU"
2019-05-22,6075889,"090B06","Dunolly",0.05,"NTU"
2019-04-26,6027092,"090C03","Tarnagulla",0.3,"NTU"
2019-04-26,6027091,"090B03","Dunolly",0.1,"NTU"
2017-01-25,5019617,"090B08","Dunolly",0.2,"NTU"
2017-08-23,5281534,"090A03","Laanecoorie",0.2,"NTU"
2018-04-11,5580262,"090C03","Tarnagulla",0.1,"NTU"
2017-05-10,5172915,"090A02","Laanecoorie",0.2,"NTU"
2017-05-10,5172918,"090D03","Bealiba",0.3,"NTU"
2017-01-05,5018670,"090D07","Bealiba",0.2,"NTU"
2017-05-10,5172917,"090C04","Tarnagulla",0.4,"NTU"
2017-03-22,5093461,"090B03","Dunolly",0.2,"NTU"
2017-03-22,5093462,"090C03","Tarnagulla",0.2,"NTU"
2017-03-22,5093460,"090A02","Laanecoorie",0.1,"NTU"
2017-05-24,5174345,"090C01","Tarnagulla",0.2,"NTU"
2017-09-06,5281959,"090A05","Laanecoorie",0.1,"NTU"
2017-10-25,5344514,"090B06","Dunolly",0.1,"NTU"
2017-10-25,5344515,"090C03","Tarnagulla",0.2,"NTU"
2017-09-13,5282307,"090D08","Bealiba",0.05,"NTU"
2017-09-13,5282306,"090C03","Tarnagulla",0.2,"NTU"
2017-10-25,5344513,"090A04","Laanecoorie",0.2,"NTU"
2017-09-13,5282297,"090A01","Laanecoorie",0.3,"NTU"
2018-07-25,5691150,"090A02","Laanecoorie",0.1,"NTU"
2018-07-25,5691153,"090D02","Bealiba",0.1,"NTU"
2018-07-25,5691151,"090B01","Dunolly",0.2,"NTU"
2018-05-09,5581171,"090C01","Tarnagulla",0.2,"NTU"
2018-08-01,5734509,"090C01","Tarnagulla",0.2,"NTU"
2018-03-09,5460724,"090B08","Dunolly",0.05,"NTU"
2018-08-01,5734507,"090A05","Laanecoorie",0.5,"NTU"
2018-08-01,5734508,"090B05","Dunolly",0.1,"NTU"
2018-07-18,5690791,"090B04","Dunolly",0.1,"NTU"
2018-07-18,5690792,"090C03","Tarnagulla",0.1,"NTU"
2018-07-18,5690790,"090A04","Laanecoorie",0.1,"NTU"
2018-07-18,5690861,"090D07","Bealiba",0.2,"NTU"
2018-09-12,5766193,"090C01","Tarnagulla",0.3,"NTU"
2018-09-12,5766191,"090A03","Laanecoorie",0.2,"NTU"
2018-09-12,5766192,"090B06","Dunolly",0.2,"NTU"
2018-12-12,5889489,"090A04","Laanecoorie",0.2,"NTU"
2018-12-12,5889507,"090D02","Bealiba",0.2,"NTU"
2017-12-27,5387581,"090D03","Bealiba",0.05,"NTU"
2017-12-27,5387579,"090C02","Tarnagulla",0.1,"NTU"
2017-12-27,5387578,"090B06","Dunolly",0.1,"NTU"
2018-06-27,5605791,"090A01","Laanecoorie",0.2,"NTU"
2018-06-27,5605793,"090C04","Tarnagulla",0.1,"NTU"
2018-06-27,5605792,"090B02","Dunolly",0.2,"NTU"
2018-09-12,5766194,"090D08","Bealiba",0.2,"NTU"
2018-07-11,5690572,"090B06","Dunolly",0.2,"NTU"
2017-06-28,5264389,"090D02","Bealiba",0.05,"NTU"
2017-01-11,5019030,"090D03","Bealiba",0.2,"NTU"
2017-01-11,5019028,"090B05","Dunolly",0.2,"NTU"
2017-01-11,5019029,"090C01","Tarnagulla",0.2,"NTU"
2017-01-11,5019027,"090A03","Laanecoorie",0.2,"NTU"
2017-01-18,5019353,"090B03","Dunolly",0.2,"NTU"
2019-03-20,5987955,"090A01","Laanecoorie",0.3,"NTU"
2017-01-18,5019352,"090A01","Laanecoorie",0.3,"NTU"
2019-02-20,5943474,"090D02","Bealiba",0.2,"NTU"
2019-01-31,5924108,"090D03","Bealiba",0.1,"NTU"
2019-01-31,5924106,"090B01","Dunolly",0.1,"NTU"
2019-02-20,5943472,"090B03","Dunolly",0.3,"NTU"
2019-02-20,5943473,"090C01","Tarnagulla",0.2,"NTU"
2017-02-15,5040037,"090D02","Bealiba",0.1,"NTU"
2019-03-14,5987650,"090D08","Bealiba",0.1,"NTU"
2019-04-26,6027090,"090A03","Laanecoorie",0.1,"NTU"
2017-02-08,5039731,"090D02","Bealiba",0.1,"NTU"
2019-02-13,5943155,"090A01","Laanecoorie",0.7,"NTU"
2019-03-14,5987649,"090C02","Tarnagulla",0.1,"NTU"
2019-04-17,6026661,"090A05","Laanecoorie",0.3,"NTU"
2019-04-17,6026663,"090C01","Tarnagulla",0.1,"NTU"
2019-04-10,6026268,"090B05","Dunolly",0.1,"NTU"
2019-02-06,5942653,"090C04","Tarnagulla",0.2,"NTU"
2017-07-19,5286970,"090C03","Tarnagulla",0.1,"NTU"
2017-07-19,5252276,"090B05","Dunolly",0.2,"NTU"
2017-07-19,5286972,"090D07","Bealiba",0.4,"NTU"
2019-05-08,6075372,"090B02","Dunolly",0.05,"NTU"
2019-02-27,5943731,"090A05","Laanecoorie",0.2,"NTU"
2019-04-17,6026673,"090D08","Bealiba",0.2,"NTU"
2019-02-13,5943157,"090C03","Tarnagulla",0.2,"NTU"
2019-03-06,5987351,"090C04","Tarnagulla",0.2,"NTU"
2017-06-15,5198715,"090A02","Laanecoorie",0.2,"NTU"
2019-05-22,6075888,"090A05","Laanecoorie",0.1,"NTU"
2017-08-23,5281543,"090C02","Tarnagulla",0.2,"NTU"
2017-08-09,5281048,"090D01","Bealiba",0.2,"NTU"
2017-05-10,5172916,"090B04","Dunolly",0.2,"NTU"
2017-05-24,5173380,"090B05","Dunolly",0.2,"NTU"
2017-05-24,5173379,"090A03","Laanecoorie",0.2,"NTU"
2017-04-12,5132080,"090D02","Bealiba",0.1,"NTU"
2017-03-16,5093230,"090D01","Bealiba",0.1,"NTU"
2017-07-05,5251735,"090B04","Dunolly",0.2,"NTU"
2017-07-05,5251734,"090A02","Laanecoorie",0.1,"NTU"
2017-07-05,5251736,"090D01","Bealiba",0.05,"NTU"
2017-07-05,5270440,"090C01","Tarnagulla",0.2,"NTU"
2017-07-13,5253683,"090D03","Bealiba",0.05,"NTU"
2017-04-27,5132719,"090C03","Tarnagulla",0.2,"NTU"
2017-04-27,5132717,"090A04","Laanecoorie",0.1,"NTU"
2017-03-29,5093701,"090A04","Laanecoorie",0.2,"NTU"
2017-09-06,5281962,"090D03","Bealiba",0.05,"NTU"
2017-10-25,5344524,"090D01","Bealiba",0.05,"NTU"
2017-09-27,5282854,"090D07","Bealiba",0.2,"NTU"
2017-11-08,5385531,"090D02","Bealiba",0.2,"NTU"
2017-09-13,5282298,"090B01","Dunolly",0.1,"NTU"
2017-12-06,5386687,"090B03","Dunolly",0.2,"NTU"
2018-04-18,5580530,"090D07","Bealiba",0.1,"NTU"
2018-04-18,5580529,"090C04","Tarnagulla",0.1,"NTU"
2018-02-28,5559953,"090B06","Dunolly",0.05,"NTU"
2018-02-28,5460502,"090C04","Tarnagulla",0.1,"NTU"
2018-02-28,5559954,"090D02","Bealiba",0.1,"NTU"
2017-12-13,5386976,"090A02","Laanecoorie",0.2,"NTU"
2018-02-21,5555665,"090C01","Tarnagulla",0.4,"NTU"
2018-05-02,5580964,"090D01","Bealiba",0.05,"NTU"
2018-05-02,5580963,"090C02","Tarnagulla",0.2,"NTU"
2018-03-09,5569722,"090C03","Tarnagulla",0.1,"NTU"
2018-03-15,5472305,"090C01","Tarnagulla",0.05,"NTU"
2018-03-28,5596590,"090D01","Bealiba",0.05,"NTU"
2019-01-23,5923878,"090C01","Tarnagulla",0.3,"NTU"
2018-08-01,5734517,"090D03","Bealiba",0.3,"NTU"
2018-01-31,5459481,"090D03","Bealiba",0.1,"NTU"
2018-06-20,5589252,"090C01","Tarnagulla",0.2,"NTU"
2018-11-01,5799127,"090A01","Laanecoorie",0.3,"NTU"
2018-10-10,5798276,"090D03","Bealiba",0.1,"NTU"
2018-10-10,5798263,"090A05","Laanecoorie",0.4,"NTU"
2018-10-10,5798264,"090B07","Dunolly",0.1,"NTU"
2018-10-10,5798275,"090C04","Tarnagulla",0.1,"NTU"
2018-12-19,5889869,"090A05","Laanecoorie",0.1,"NTU"
2019-01-03,5923064,"090A03","Laanecoorie",0.1,"NTU"
2018-01-31,5459470,"090C01","Tarnagulla",0.2,"NTU"
2018-01-31,5459468,"090A05","Laanecoorie",0.3,"NTU"
2018-02-07,5459746,"090D08","Bealiba",0.1,"NTU"
2018-11-21,5847944,"090B04","Dunolly",0.2,"NTU"
2018-08-22,5735205,"090A04","Laanecoorie",0.2,"NTU"
2018-08-29,5735340,"090C02","Tarnagulla",0.2,"NTU"
2018-08-29,5735341,"090D02","Bealiba",0.1,"NTU"
2018-08-29,5735339,"090B02","Dunolly",0.1,"NTU"
2018-08-29,5735338,"090A02","Laanecoorie",0.3,"NTU"
2018-11-28,5848190,"090A03","Laanecoorie",0.1,"NTU"
2018-11-28,5848192,"090C01","Tarnagulla",0.2,"NTU"
2018-09-05,5765905,"090D03","Bealiba",0.1,"NTU"
2018-09-05,5765902,"090A05","Laanecoorie",0.3,"NTU"
2018-12-05,5889175,"090C03","Tarnagulla",0.1,"NTU"
2019-04-03,6025826,"090C04","Tarnagulla",0.1,"NTU"
2018-06-14,5582195,"090B03","Dunolly",0.2,"NTU"
2018-06-14,5582194,"090A02","Laanecoorie",0.2,"NTU"
2018-10-03,5797981,"090B05","Dunolly",0.2,"NTU"
2018-10-03,5797982,"090C01","Tarnagulla",0.2,"NTU"
2019-05-01,6075206,"090A01","Laanecoorie",0.2,"NTU"
2017-05-17,5173163,"090A04","Laanecoorie",0.2,"NTU"
2019-04-10,6026270,"090D03","Bealiba",0.1,"NTU"
2019-04-10,6026269,"090C02","Tarnagulla",0.2,"NTU"
2019-02-13,5943158,"090D01","Bealiba",0.1,"NTU"
2017-07-19,5252275,"090A03","Laanecoorie",0.1,"NTU"
2017-07-13,5252029,"090C02","Tarnagulla",0.2,"NTU"
2017-07-13,5280144,"090A04","Laanecoorie",0.1,"NTU"
2017-07-13,5280145,"090B01","Dunolly",0.1,"NTU"
2017-02-01,5039121,"090C01","Tarnagulla",0.3,"NTU"
2017-02-01,5039144,"090D07","Bealiba",0.1,"NTU"
2017-02-01,5039120,"090B01","Dunolly",0.2,"NTU"
2017-01-25,5019631,"090D03","Bealiba",0.1,"NTU"
2017-08-30,5281711,"090A02","Laanecoorie",0.2,"NTU"
2017-08-02,5280813,"090B09","Dunolly",0.05,"NTU"
2017-08-02,5304412,"090C02","Tarnagulla",0.1,"NTU"
2017-08-23,5281544,"090D07","Bealiba",0.2,"NTU"
2017-04-27,5132721,"090D01","Bealiba",0.1,"NTU"
2017-02-22,5040295,"090D07","Bealiba",0.3,"NTU"
2017-03-01,5092693,"090B06","Dunolly",0.2,"NTU"
2017-03-01,5092695,"090D03","Bealiba",0.1,"NTU"
2017-03-01,5092694,"090C03","Tarnagulla",0.2,"NTU"
2017-04-12,5132078,"090C01","Tarnagulla",0.2,"NTU"
2017-04-12,5132075,"090B07","Dunolly",0.2,"NTU"
2017-04-12,5132062,"090A03","Laanecoorie",0.1,"NTU"
2017-03-08,5092954,"090C04","Tarnagulla",0.2,"NTU"
2017-03-29,5093704,"090D02","Bealiba",0.1,"NTU"
2017-05-03,5174307,"090A01","Laanecoorie",0.2,"NTU"
2017-06-28,5264388,"090B08","Dunolly",0.1,"NTU"
2017-10-04,5343571,"090C01","Tarnagulla",0.3,"NTU"
2017-10-04,5343569,"090A02","Laanecoorie",0.2,"NTU"
2017-09-20,5282588,"090C04","Tarnagulla",0.2,"NTU"
2017-12-06,5386686,"090A03","Laanecoorie",0.2,"NTU"
2017-12-06,5386688,"090C02","Tarnagulla",0.3,"NTU"
2017-12-20,5387303,"090D02","Bealiba",0.1,"NTU"
2017-10-11,5343929,"090A05","Laanecoorie",0.8,"NTU"
2017-11-28,5386382,"090B07","Dunolly",0.1,"NTU"
2018-01-10,5457390,"090B04","Dunolly",0.1,"NTU"
2018-01-10,5457392,"090D01","Bealiba",0.05,"NTU"
2018-02-21,5460261,"090B02","Dunolly",0.05,"NTU"
2018-03-21,5480801,"090A03","Laanecoorie",0.05,"NTU"
2018-03-21,5585095,"090D08","Bealiba",0.05,"NTU"
2018-05-02,5580962,"090B06","Dunolly",0.1,"NTU"
2018-05-02,5580961,"090A04","Laanecoorie",0.3,"NTU"
2018-05-16,5581417,"090A05","Laanecoorie",0.2,"NTU"
2018-04-26,5580769,"090D08","Bealiba",0.2,"NTU"
2018-04-26,5580767,"090B02","Dunolly",0.1,"NTU"
2018-05-09,5581170,"090B08","Dunolly",0.1,"NTU"
2018-07-04,5690254,"090C02","Tarnagulla",0.2,"NTU"
2018-07-04,5690255,"090D08","Bealiba",0.1,"NTU"
2018-07-04,5690253,"090B08","Dunolly",0.2,"NTU"
2018-08-08,5734709,"090A03","Laanecoorie",0.2,"NTU"
2018-08-08,5734711,"090C02","Tarnagulla",0.2,"NTU"
2018-07-25,5691152,"090C02","Tarnagulla",0.1,"NTU"
2018-11-01,5799130,"090D07","Bealiba",0.1,"NTU"
2018-09-19,5766480,"090B04","Dunolly",0.3,"NTU"
2018-05-30,5581795,"090C04","Tarnagulla",0.05,"NTU"
2019-01-09,5923371,"090A01","Laanecoorie",0.5,"NTU"
2019-01-09,5923372,"090B08","Dunolly",0.2,"NTU"
2019-01-09,5923373,"090C03","Tarnagulla",0.2,"NTU"
2019-01-09,5923374,"090D01","Bealiba",0.2,"NTU"
2018-08-22,5735207,"090C03","Tarnagulla",0.3,"NTU"
2018-08-22,5735206,"090B09","Dunolly",0.1,"NTU"
2018-08-22,5735208,"090D07","Bealiba",0.2,"NTU"
